1448791200,2015-11-29 05:00:00,-0.015900000
1448791260,2015-11-29 05:01:00,-0.015933333
1448791320,2015-11-29 05:02:00,-0.016016667
1448791380,2015-11-29 05:03:00,-0.016133333
1448791440,2015-11-29 05:04:00,-0.016166667
1448791500,2015-11-29 05:05:00,-0.016400000
1448791560,2015-11-29 05:06:00,-0.016483333
1448791620,2015-11-29 05:07:00,-0.016516667
1448791680,2015-11-29 05:08:00,-0.016350000
1448791740,2015-11-29 05:09:00,-0.016216667
1448791800,2015-11-29 05:10:00,-0.016283333
1448791860,2015-11-29 05:11:00,-0.016250000
1448791920,2015-11-29 05:12:00,-0.016266667
1448791980,2015-11-29 05:13:00,-0.016183333
1448792040,2015-11-29 05:14:00,-0.016083333
1448792100,2015-11-29 05:15:00,-0.016183333
1448792160,2015-11-29 05:16:00,-0.016216667
1448792220,2015-11-29 05:17:00,-0.016283333
1448792280,2015-11-29 05:18:00,-0.016350000
1448792340,2015-11-29 05:19:00,-0.016300000
1448792400,2015-11-29 05:20:00,-0.016300000
1448792460,2015-11-29 05:21:00,-0.016300000
1448792520,2015-11-29 05:22:00,-0.016250000
1448792580,2015-11-29 05:23:00,-0.015800000
1448792640,2015-11-29 05:24:00,-0.015583333
1448792700,2015-11-29 05:25:00,-0.015483333
1448792760,2015-11-29 05:26:00,-0.015566667
1448792820,2015-11-29 05:27:00,-0.015583333
1448792880,2015-11-29 05:28:00,-0.015816667
1448792940,2015-11-29 05:29:00,-0.015916667
1448793000,2015-11-29 05:30:00,-0.015916667
1448793060,2015-11-29 05:31:00,-0.015933333
1448793120,2015-11-29 05:32:00,-0.015866667
1448793180,2015-11-29 05:33:00,-0.015833333
1448793240,2015-11-29 05:34:00,-0.016250000
1448793300,2015-11-29 05:35:00,-0.016216667
1448793360,2015-11-29 05:36:00,-0.016200000
1448793420,2015-11-29 05:37:00,-0.016183333
1448793480,2015-11-29 05:38:00,-0.016233333
1448793540,2015-11-29 05:39:00,-0.016250000
1448793600,2015-11-29 05:40:00,-0.016250000
1448793660,2015-11-29 05:41:00,-0.016200000
1448793720,2015-11-29 05:42:00,-0.016250000
1448793780,2015-11-29 05:43:00,-0.016283333
1448793840,2015-11-29 05:44:00,-0.016300000
1448793900,2015-11-29 05:45:00,-0.016283333
1448793960,2015-11-29 05:46:00,-0.016366667
1448794020,2015-11-29 05:47:00,-0.016416667
1448794080,2015-11-29 05:48:00,-0.016266667
1448794140,2015-11-29 05:49:00,-0.016350000
1448794200,2015-11-29 05:50:00,-0.016383333
1448794260,2015-11-29 05:51:00,-0.016216667
1448794320,2015-11-29 05:52:00,-0.015750000
1448794380,2015-11-29 05:53:00,-0.015750000
1448794440,2015-11-29 05:54:00,-0.015666667
1448794500,2015-11-29 05:55:00,-0.015583333
1448794560,2015-11-29 05:56:00,-0.015716667
1448794620,2015-11-29 05:57:00,-0.015916667
1448794680,2015-11-29 05:58:00,-0.016000000
1448794740,2015-11-29 05:59:00,-0.016016667
1448794800,2015-11-29 06:00:00,-0.016100000
1448794860,2015-11-29 06:01:00,-0.016200000
1448794920,2015-11-29 06:02:00,-0.016283333
1448794980,2015-11-29 06:03:00,-0.016350000
1448795040,2015-11-29 06:04:00,-0.016333333
1448795100,2015-11-29 06:05:00,-0.016200000
1448795160,2015-11-29 06:06:00,-0.016133333
1448795220,2015-11-29 06:07:00,-0.016016667
1448795280,2015-11-29 06:08:00,-0.016083333
1448795340,2015-11-29 06:09:00,-0.016183333
1448795400,2015-11-29 06:10:00,-0.016266667
1448795460,2015-11-29 06:11:00,-0.016233333
1448795520,2015-11-29 06:12:00,-0.016316667
1448795580,2015-11-29 06:13:00,-0.016183333
1448795640,2015-11-29 06:14:00,-0.016283333
1448795700,2015-11-29 06:15:00,-0.016350000
1448795760,2015-11-29 06:16:00,-0.016316667
1448795820,2015-11-29 06:17:00,-0.016350000
1448795880,2015-11-29 06:18:00,-0.016200000
1448795940,2015-11-29 06:19:00,-0.016166667
1448796000,2015-11-29 06:20:00,-0.016050000
1448796060,2015-11-29 06:21:00,-0.015533333
1448796120,2015-11-29 06:22:00,-0.015533333
1448796180,2015-11-29 06:23:00,-0.015700000
1448796240,2015-11-29 06:24:00,-0.015716667
1448796300,2015-11-29 06:25:00,-0.015816667
1448796360,2015-11-29 06:26:00,-0.016033333
1448796420,2015-11-29 06:27:00,-0.016133333
1448796480,2015-11-29 06:28:00,-0.016283333
1448796540,2015-11-29 06:29:00,-0.016166667
1448796600,2015-11-29 06:30:00,-0.016150000
1448796660,2015-11-29 06:31:00,-0.016250000
1448796720,2015-11-29 06:32:00,-0.016166667
1448796780,2015-11-29 06:33:00,-0.016183333
1448796840,2015-11-29 06:34:00,-0.016133333
1448796900,2015-11-29 06:35:00,-0.016133333
1448796960,2015-11-29 06:36:00,-0.016233333
1448797020,2015-11-29 06:37:00,-0.016316667
1448797080,2015-11-29 06:38:00,-0.016266667
1448797140,2015-11-29 06:39:00,-0.016350000
1448797200,2015-11-29 06:40:00,-0.016383333
1448797260,2015-11-29 06:41:00,-0.016383333
1448797320,2015-11-29 06:42:00,-0.016350000
1448797380,2015-11-29 06:43:00,-0.016216667
1448797440,2015-11-29 06:44:00,-0.016283333
1448797500,2015-11-29 06:45:00,-0.016166667
1448797560,2015-11-29 06:46:00,-0.016100000
1448797620,2015-11-29 06:47:00,-0.015966667
1448797680,2015-11-29 06:48:00,-0.015916667
1448797740,2015-11-29 06:49:00,-0.015883333
1448797800,2015-11-29 06:50:00,-0.015450000
1448797860,2015-11-29 06:51:00,-0.015466667
1448797920,2015-11-29 06:52:00,-0.015466667
1448797980,2015-11-29 06:53:00,-0.015483333
1448798040,2015-11-29 06:54:00,-0.015400000
1448798100,2015-11-29 06:55:00,-0.015700000
1448798160,2015-11-29 06:56:00,-0.015633333
1448798220,2015-11-29 06:57:00,-0.015816667
1448798280,2015-11-29 06:58:00,-0.015916667
1448798340,2015-11-29 06:59:00,-0.015550000
1448798400,2015-11-29 07:00:00,-0.015483333
1448798460,2015-11-29 07:01:00,-0.015550000
1448798520,2015-11-29 07:02:00,-0.015566667
1448798580,2015-11-29 07:03:00,-0.015383333
1448798640,2015-11-29 07:04:00,-0.015550000
1448798700,2015-11-29 07:05:00,-0.015533333
1448798760,2015-11-29 07:06:00,-0.015583333
1448798820,2015-11-29 07:07:00,-0.015600000
1448798880,2015-11-29 07:08:00,-0.015616667
1448798940,2015-11-29 07:09:00,-0.015583333
1448799000,2015-11-29 07:10:00,-0.015516667
1448799060,2015-11-29 07:11:00,-0.015500000
1448799120,2015-11-29 07:12:00,-0.015650000
1448799180,2015-11-29 07:13:00,-0.015550000
1448799240,2015-11-29 07:14:00,-0.015533333
1448799300,2015-11-29 07:15:00,-0.015566667
1448799360,2015-11-29 07:16:00,-0.015733333
1448799420,2015-11-29 07:17:00,-0.015633333
1448799480,2015-11-29 07:18:00,-0.015783333
1448799540,2015-11-29 07:19:00,-0.015350000
1448799600,2015-11-29 07:20:00,-0.015116667
1448799660,2015-11-29 07:21:00,-0.015183333
1448799720,2015-11-29 07:22:00,-0.015150000
1448799780,2015-11-29 07:23:00,-0.015450000
1448799840,2015-11-29 07:24:00,-0.015716667
1448799900,2015-11-29 07:25:00,-0.015866667
1448799960,2015-11-29 07:26:00,-0.015883333
1448800020,2015-11-29 07:27:00,-0.015583333
1448800080,2015-11-29 07:28:00,-0.015466667
1448800140,2015-11-29 07:29:00,-0.015583333
1448800200,2015-11-29 07:30:00,-0.015616667
1448800260,2015-11-29 07:31:00,-0.015766667
1448800320,2015-11-29 07:32:00,-0.015883333
1448800380,2015-11-29 07:33:00,-0.015900000
1448800440,2015-11-29 07:34:00,-0.015866667
1448800500,2015-11-29 07:35:00,-0.015716667
1448800560,2015-11-29 07:36:00,-0.015683333
1448800620,2015-11-29 07:37:00,-0.015700000
1448800680,2015-11-29 07:38:00,-0.015666667
1448800740,2015-11-29 07:39:00,-0.015633333
1448800800,2015-11-29 07:40:00,-0.015466667
1448800860,2015-11-29 07:41:00,-0.015533333
1448800920,2015-11-29 07:42:00,-0.015583333
1448800980,2015-11-29 07:43:00,-0.015616667
1448801040,2015-11-29 07:44:00,-0.015666667
1448801100,2015-11-29 07:45:00,-0.015800000
1448801160,2015-11-29 07:46:00,-0.015750000
1448801220,2015-11-29 07:47:00,-0.015683333
1448801280,2015-11-29 07:48:00,-0.015333333
1448801340,2015-11-29 07:49:00,-0.015033333
1448801400,2015-11-29 07:50:00,-0.014950000
1448801460,2015-11-29 07:51:00,-0.015033333
1448801520,2015-11-29 07:52:00,-0.015083333
1448801580,2015-11-29 07:53:00,-0.015400000
1448801640,2015-11-29 07:54:00,-0.015716667
1448801700,2015-11-29 07:55:00,-0.015750000
1448801760,2015-11-29 07:56:00,-0.015733333
1448801820,2015-11-29 07:57:00,-0.015666667
1448801880,2015-11-29 07:58:00,-0.015450000
1448801940,2015-11-29 07:59:00,-0.015666667
1448802000,2015-11-29 08:00:00,-0.015683333
1448802060,2015-11-29 08:01:00,-0.015650000
1448802120,2015-11-29 08:02:00,-0.015633333
1448802180,2015-11-29 08:03:00,-0.015566667
1448802240,2015-11-29 08:04:00,-0.015566667
1448802300,2015-11-29 08:05:00,-0.015650000
1448802360,2015-11-29 08:06:00,-0.015633333
1448802420,2015-11-29 08:07:00,-0.015650000
1448802480,2015-11-29 08:08:00,-0.015550000
1448802540,2015-11-29 08:09:00,-0.015516667
1448802600,2015-11-29 08:10:00,-0.015416667
1448802660,2015-11-29 08:11:00,-0.015416667
1448802720,2015-11-29 08:12:00,-0.016000000
1448802780,2015-11-29 08:13:00,-0.016250000
1448802840,2015-11-29 08:14:00,-0.016233333
1448802900,2015-11-29 08:15:00,-0.016216667
1448802960,2015-11-29 08:16:00,-0.016383333
1448803020,2015-11-29 08:17:00,-0.016233333
1448803080,2015-11-29 08:18:00,-0.015766667
1448803140,2015-11-29 08:19:00,-0.015733333
1448803200,2015-11-29 08:20:00,-0.015916667
1448803260,2015-11-29 08:21:00,-0.015750000
1448803320,2015-11-29 08:22:00,-0.015716667
1448803380,2015-11-29 08:23:00,-0.015816667
1448803440,2015-11-29 08:24:00,-0.016283333
1448803500,2015-11-29 08:25:00,-0.016350000
1448803560,2015-11-29 08:26:00,-0.016500000
1448803620,2015-11-29 08:27:00,-0.016450000
1448803680,2015-11-29 08:28:00,-0.016516667
1448803740,2015-11-29 08:29:00,-0.016383333
1448803800,2015-11-29 08:30:00,-0.016400000
1448803860,2015-11-29 08:31:00,-0.016400000
1448803920,2015-11-29 08:32:00,-0.016433333
1448803980,2015-11-29 08:33:00,-0.016366667
1448804040,2015-11-29 08:34:00,-0.016083333
1448804100,2015-11-29 08:35:00,-0.015916667
1448804160,2015-11-29 08:36:00,-0.015850000
1448804220,2015-11-29 08:37:00,-0.015866667
1448804280,2015-11-29 08:38:00,-0.015900000
1448804340,2015-11-29 08:39:00,-0.015850000
1448804400,2015-11-29 08:40:00,-0.016033333
1448804460,2015-11-29 08:41:00,-0.016083333
1448804520,2015-11-29 08:42:00,-0.016116667
1448804580,2015-11-29 08:43:00,-0.016150000
1448804640,2015-11-29 08:44:00,-0.016133333
1448804700,2015-11-29 08:45:00,-0.016200000
1448804760,2015-11-29 08:46:00,-0.016100000
1448804820,2015-11-29 08:47:00,-0.015700000
1448804880,2015-11-29 08:48:00,-0.015300000
1448804940,2015-11-29 08:49:00,-0.015150000
1448805000,2015-11-29 08:50:00,-0.015283333
1448805060,2015-11-29 08:51:00,-0.015216667
1448805120,2015-11-29 08:52:00,-0.015400000
1448805180,2015-11-29 08:53:00,-0.015733333
1448805240,2015-11-29 08:54:00,-0.016033333
1448805300,2015-11-29 08:55:00,-0.016266667
1448805360,2015-11-29 08:56:00,-0.016283333
1448805420,2015-11-29 08:57:00,-0.016433333
1448805480,2015-11-29 08:58:00,-0.016483333
1448805540,2015-11-29 08:59:00,-0.016233333
1448805600,2015-11-29 09:00:00,-0.016150000
1448805660,2015-11-29 09:01:00,-0.016083333
1448805720,2015-11-29 09:02:00,-0.015983333
1448805780,2015-11-29 09:03:00,-0.015783333
1448805840,2015-11-29 09:04:00,-0.016083333
1448805900,2015-11-29 09:05:00,-0.016150000
1448805960,2015-11-29 09:06:00,-0.015950000
1448806020,2015-11-29 09:07:00,-0.016100000
1448806080,2015-11-29 09:08:00,-0.016133333
1448806140,2015-11-29 09:09:00,-0.016033333
1448806200,2015-11-29 09:10:00,-0.015916667
1448806260,2015-11-29 09:11:00,-0.015950000
1448806320,2015-11-29 09:12:00,-0.015850000
1448806380,2015-11-29 09:13:00,-0.015816667
1448806440,2015-11-29 09:14:00,-0.015716667
1448806500,2015-11-29 09:15:00,-0.015700000
1448806560,2015-11-29 09:16:00,-0.015516667
1448806620,2015-11-29 09:17:00,-0.014916667
1448806680,2015-11-29 09:18:00,-0.014800000
1448806740,2015-11-29 09:19:00,-0.014800000
1448806800,2015-11-29 09:20:00,-0.014950000
1448806860,2015-11-29 09:21:00,-0.015200000
1448806920,2015-11-29 09:22:00,-0.015333333
1448806980,2015-11-29 09:23:00,-0.015300000
1448807040,2015-11-29 09:24:00,-0.015383333
1448807100,2015-11-29 09:25:00,-0.015666667
1448807160,2015-11-29 09:26:00,-0.015550000
1448807220,2015-11-29 09:27:00,-0.015550000
1448807280,2015-11-29 09:28:00,-0.015733333
1448807340,2015-11-29 09:29:00,-0.015433333
1448807400,2015-11-29 09:30:00,-0.015450000
1448807460,2015-11-29 09:31:00,-0.015683333
1448807520,2015-11-29 09:32:00,-0.015866667
1448807580,2015-11-29 09:33:00,-0.015900000
1448807640,2015-11-29 09:34:00,-0.015933333
1448807700,2015-11-29 09:35:00,-0.015966667
1448807760,2015-11-29 09:36:00,-0.015916667
1448807820,2015-11-29 09:37:00,-0.015900000
1448807880,2015-11-29 09:38:00,-0.015933333
1448807940,2015-11-29 09:39:00,-0.015983333
1448808000,2015-11-29 09:40:00,-0.015816667
1448808060,2015-11-29 09:41:00,-0.015800000
1448808120,2015-11-29 09:42:00,-0.015866667
1448808180,2015-11-29 09:43:00,-0.015750000
1448808240,2015-11-29 09:44:00,-0.015600000
1448808300,2015-11-29 09:45:00,-0.015650000
1448808360,2015-11-29 09:46:00,-0.015666667
1448808420,2015-11-29 09:47:00,-0.015400000
1448808480,2015-11-29 09:48:00,-0.015233333
1448808540,2015-11-29 09:49:00,-0.015150000
1448808600,2015-11-29 09:50:00,-0.015050000
1448808660,2015-11-29 09:51:00,-0.015016667
1448808720,2015-11-29 09:52:00,-0.013983333
1448808780,2015-11-29 09:53:00,-0.013633333
1448808840,2015-11-29 09:54:00,-0.013650000
1448808900,2015-11-29 09:55:00,-0.014733333
1448808960,2015-11-29 09:56:00,-0.014750000
1448809020,2015-11-29 09:57:00,-0.015100000
1448809080,2015-11-29 09:58:00,-0.015250000
1448809140,2015-11-29 09:59:00,-0.015133333
1448809200,2015-11-29 10:00:00,-0.015016667
1448809260,2015-11-29 10:01:00,-0.015000000
1448809320,2015-11-29 10:02:00,-0.015033333
1448809380,2015-11-29 10:03:00,-0.015016667
1448809440,2015-11-29 10:04:00,-0.015000000
1448809500,2015-11-29 10:05:00,-0.014916667
1448809560,2015-11-29 10:06:00,-0.014850000
1448809620,2015-11-29 10:07:00,-0.014883333
1448809680,2015-11-29 10:08:00,-0.014766667
1448809740,2015-11-29 10:09:00,-0.014850000
1448809800,2015-11-29 10:10:00,-0.014933333
1448809860,2015-11-29 10:11:00,-0.014950000
1448809920,2015-11-29 10:12:00,-0.014900000
1448809980,2015-11-29 10:13:00,-0.014783333
1448810040,2015-11-29 10:14:00,-0.014783333
1448810100,2015-11-29 10:15:00,-0.015116667
1448810160,2015-11-29 10:16:00,-0.015333333
1448810220,2015-11-29 10:17:00,-0.015183333
1448810280,2015-11-29 10:18:00,-0.015050000
1448810340,2015-11-29 10:19:00,-0.015233333
1448810400,2015-11-29 10:20:00,-0.015183333
1448810460,2015-11-29 10:21:00,-0.015550000
1448810520,2015-11-29 10:22:00,-0.016216667
1448810580,2015-11-29 10:23:00,-0.015650000
1448810640,2015-11-29 10:24:00,-0.015050000
1448810700,2015-11-29 10:25:00,-0.015783333
1448810760,2015-11-29 10:26:00,-0.016300000
1448810820,2015-11-29 10:27:00,-0.016650000
1448810880,2015-11-29 10:28:00,-0.017050000
1448810940,2015-11-29 10:29:00,-0.017250000
1448811000,2015-11-29 10:30:00,-0.017383333
1448811060,2015-11-29 10:31:00,-0.016883333
1448811120,2015-11-29 10:32:00,-0.017500000
1448811180,2015-11-29 10:33:00,-0.016466667
1448811240,2015-11-29 10:34:00,-0.015883333
1448811300,2015-11-29 10:35:00,-0.016316667
1448811360,2015-11-29 10:36:00,-0.016283333
1448811420,2015-11-29 10:37:00,-0.016116667
1448811480,2015-11-29 10:38:00,-0.016283333
1448811540,2015-11-29 10:39:00,-0.016316667
1448811600,2015-11-29 10:40:00,-0.016566667
1448811660,2015-11-29 10:41:00,-0.016183333
1448811720,2015-11-29 10:42:00,-0.016083333
1448811780,2015-11-29 10:43:00,-0.015600000
1448811840,2015-11-29 10:44:00,-0.015016667
1448811900,2015-11-29 10:45:00,-0.016216667
1448811960,2015-11-29 10:46:00,-0.015483333
1448812020,2015-11-29 10:47:00,-0.014050000
1448812080,2015-11-29 10:48:00,-0.011116667
1448812140,2015-11-29 10:49:00,-0.010366667
1448812200,2015-11-29 10:50:00,-0.008750000
1448812260,2015-11-29 10:51:00,-0.007066667
1448812320,2015-11-29 10:52:00,-0.007050000
1448812380,2015-11-29 10:53:00,-0.007400000
1448812440,2015-11-29 10:54:00,-0.005600000
1448812500,2015-11-29 10:55:00,-0.003400000
1448812560,2015-11-29 10:56:00,-0.002200000
1448812620,2015-11-29 10:57:00,-0.000600000
1448812680,2015-11-29 10:58:00,0.004233333
1448812740,2015-11-29 10:59:00,0.005566667
1448812800,2015-11-29 11:00:00,0.005916667
1448812860,2015-11-29 11:01:00,0.007400000
1448812920,2015-11-29 11:02:00,0.011500000
1448812980,2015-11-29 11:03:00,0.018683333
1448813040,2015-11-29 11:04:00,0.024516667
1448813100,2015-11-29 11:05:00,0.025300000
1448813160,2015-11-29 11:06:00,0.023533333
1448813220,2015-11-29 11:07:00,0.026416667
1448813280,2015-11-29 11:08:00,0.030566667
1448813340,2015-11-29 11:09:00,0.033083333
1448813400,2015-11-29 11:10:00,0.034566667
1448813460,2015-11-29 11:11:00,0.034716667
1448813520,2015-11-29 11:12:00,0.035150000
1448813580,2015-11-29 11:13:00,0.035316667
1448813640,2015-11-29 11:14:00,0.038716667
1448813700,2015-11-29 11:15:00,0.043200000
1448813760,2015-11-29 11:16:00,0.043850000
1448813820,2015-11-29 11:17:00,0.045333333
1448813880,2015-11-29 11:18:00,0.049250000
1448813940,2015-11-29 11:19:00,0.050916667
1448814000,2015-11-29 11:20:00,0.053833333
1448814060,2015-11-29 11:21:00,0.057383333
1448814120,2015-11-29 11:22:00,0.061383333
1448814180,2015-11-29 11:23:00,0.071583333
1448814240,2015-11-29 11:24:00,0.077050000
1448814300,2015-11-29 11:25:00,0.072866667
1448814360,2015-11-29 11:26:00,0.071500000
1448814420,2015-11-29 11:27:00,0.076100000
1448814480,2015-11-29 11:28:00,0.082216667
1448814540,2015-11-29 11:29:00,0.082533333
1448814600,2015-11-29 11:30:00,0.081916667
1448814660,2015-11-29 11:31:00,0.084116667
1448814720,2015-11-29 11:32:00,0.092366667
1448814780,2015-11-29 11:33:00,0.104733333
1448814840,2015-11-29 11:34:00,0.104500000
1448814900,2015-11-29 11:35:00,0.103333333
1448814960,2015-11-29 11:36:00,0.099033333
1448815020,2015-11-29 11:37:00,0.090333333
1448815080,2015-11-29 11:38:00,0.085583333
1448815140,2015-11-29 11:39:00,0.087583333
1448815200,2015-11-29 11:40:00,0.094433333
1448815260,2015-11-29 11:41:00,0.099733333
1448815320,2015-11-29 11:42:00,0.118366667
1448815380,2015-11-29 11:43:00,0.134183333
1448815440,2015-11-29 11:44:00,0.141683333
1448815500,2015-11-29 11:45:00,0.148883333
1448815560,2015-11-29 11:46:00,0.144566667
1448815620,2015-11-29 11:47:00,0.145500000
1448815680,2015-11-29 11:48:00,0.147500000
1448815740,2015-11-29 11:49:00,0.144966667
1448815800,2015-11-29 11:50:00,0.151650000
1448815860,2015-11-29 11:51:00,0.157866667
1448815920,2015-11-29 11:52:00,0.162550000
1448815980,2015-11-29 11:53:00,0.170283333
1448816040,2015-11-29 11:54:00,0.177150000
1448816100,2015-11-29 11:55:00,0.182150000
1448816160,2015-11-29 11:56:00,0.178550000
1448816220,2015-11-29 11:57:00,0.174083333
1448816280,2015-11-29 11:58:00,0.180450000
1448816340,2015-11-29 11:59:00,0.199316667
1448816400,2015-11-29 12:00:00,0.220550000
1448816460,2015-11-29 12:01:00,0.233550000
1448816520,2015-11-29 12:02:00,0.238516667
1448816580,2015-11-29 12:03:00,0.234466667
1448816640,2015-11-29 12:04:00,0.226916667
1448816700,2015-11-29 12:05:00,0.227433333
1448816760,2015-11-29 12:06:00,0.236150000
1448816820,2015-11-29 12:07:00,0.243250000
1448816880,2015-11-29 12:08:00,0.243816667
1448816940,2015-11-29 12:09:00,0.246333333
1448817000,2015-11-29 12:10:00,0.249116667
1448817060,2015-11-29 12:11:00,0.247533333
1448817120,2015-11-29 12:12:00,0.239016667
1448817180,2015-11-29 12:13:00,0.244866667
1448817240,2015-11-29 12:14:00,0.262000000
1448817300,2015-11-29 12:15:00,0.272133333
1448817360,2015-11-29 12:16:00,0.272733333
1448817420,2015-11-29 12:17:00,0.278333333
1448817480,2015-11-29 12:18:00,0.290150000
1448817540,2015-11-29 12:19:00,0.287816667
1448817600,2015-11-29 12:20:00,0.308033333
1448817660,2015-11-29 12:21:00,0.333150000
1448817720,2015-11-29 12:22:00,0.335300000
1448817780,2015-11-29 12:23:00,0.326833333
1448817840,2015-11-29 12:24:00,0.327400000
1448817900,2015-11-29 12:25:00,0.353366667
1448817960,2015-11-29 12:26:00,0.359950000
1448818020,2015-11-29 12:27:00,0.363633333
1448818080,2015-11-29 12:28:00,0.356583333
1448818140,2015-11-29 12:29:00,0.353416667
1448818200,2015-11-29 12:30:00,0.359100000
1448818260,2015-11-29 12:31:00,0.345916667
1448818320,2015-11-29 12:32:00,0.325650000
1448818380,2015-11-29 12:33:00,0.315100000
1448818440,2015-11-29 12:34:00,0.324550000
1448818500,2015-11-29 12:35:00,0.330683333
1448818560,2015-11-29 12:36:00,0.311266667
1448818620,2015-11-29 12:37:00,0.319716667
1448818680,2015-11-29 12:38:00,0.352466667
1448818740,2015-11-29 12:39:00,0.371333333
1448818800,2015-11-29 12:40:00,0.377116667
1448818860,2015-11-29 12:41:00,0.386216667
1448818920,2015-11-29 12:42:00,0.408616667
1448818980,2015-11-29 12:43:00,0.406700000
1448819040,2015-11-29 12:44:00,0.383450000
1448819100,2015-11-29 12:45:00,0.377116667
1448819160,2015-11-29 12:46:00,0.355316667
1448819220,2015-11-29 12:47:00,0.362366667
1448819280,2015-11-29 12:48:00,0.382250000
1448819340,2015-11-29 12:49:00,0.385083333
1448819400,2015-11-29 12:50:00,0.370716667
1448819460,2015-11-29 12:51:00,0.379650000
1448819520,2015-11-29 12:52:00,0.395733333
1448819580,2015-11-29 12:53:00,0.411683333
1448819640,2015-11-29 12:54:00,0.420833333
1448819700,2015-11-29 12:55:00,0.403850000
1448819760,2015-11-29 12:56:00,0.392883333
1448819820,2015-11-29 12:57:00,0.377000000
1448819880,2015-11-29 12:58:00,0.360283333
1448819940,2015-11-29 12:59:00,0.362416667
1448820000,2015-11-29 13:00:00,0.389550000
1448820060,2015-11-29 13:01:00,0.409716667
1448820120,2015-11-29 13:02:00,0.427066667
1448820180,2015-11-29 13:03:00,0.430850000
1448820240,2015-11-29 13:04:00,0.438133333
1448820300,2015-11-29 13:05:00,0.437333333
1448820360,2015-11-29 13:06:00,0.439100000
1448820420,2015-11-29 13:07:00,0.435950000
1448820480,2015-11-29 13:08:00,0.430700000
1448820540,2015-11-29 13:09:00,0.444350000
1448820600,2015-11-29 13:10:00,0.450633333
1448820660,2015-11-29 13:11:00,0.444383333
1448820720,2015-11-29 13:12:00,0.438766667
1448820780,2015-11-29 13:13:00,0.440933333
1448820840,2015-11-29 13:14:00,0.440183333
1448820900,2015-11-29 13:15:00,0.427783333
1448820960,2015-11-29 13:16:00,0.427050000
1448821020,2015-11-29 13:17:00,0.430383333
1448821080,2015-11-29 13:18:00,0.436483333
1448821140,2015-11-29 13:19:00,0.453950000
1448821200,2015-11-29 13:20:00,0.464300000
1448821260,2015-11-29 13:21:00,0.474066667
1448821320,2015-11-29 13:22:00,0.482250000
1448821380,2015-11-29 13:23:00,0.493883333
1448821440,2015-11-29 13:24:00,0.502433333
1448821500,2015-11-29 13:25:00,0.489850000
1448821560,2015-11-29 13:26:00,0.477183333
1448821620,2015-11-29 13:27:00,0.486066667
1448821680,2015-11-29 13:28:00,0.485133333
1448821740,2015-11-29 13:29:00,0.478533333
1448821800,2015-11-29 13:30:00,0.486416667
1448821860,2015-11-29 13:31:00,0.487483333
1448821920,2015-11-29 13:32:00,0.488333333
1448821980,2015-11-29 13:33:00,0.503466667
1448822040,2015-11-29 13:34:00,0.524883333
1448822100,2015-11-29 13:35:00,0.527733333
1448822160,2015-11-29 13:36:00,0.524616667
1448822220,2015-11-29 13:37:00,0.545900000
1448822280,2015-11-29 13:38:00,0.566000000
1448822340,2015-11-29 13:39:00,0.568466667
1448822400,2015-11-29 13:40:00,0.564366667
1448822460,2015-11-29 13:41:00,0.553866667
1448822520,2015-11-29 13:42:00,0.519150000
1448822580,2015-11-29 13:43:00,0.507750000
1448822640,2015-11-29 13:44:00,0.510683333
1448822700,2015-11-29 13:45:00,0.492383333
1448822760,2015-11-29 13:46:00,0.502583333
1448822820,2015-11-29 13:47:00,0.540616667
1448822880,2015-11-29 13:48:00,0.525600000
1448822940,2015-11-29 13:49:00,0.503816667
1448823000,2015-11-29 13:50:00,0.528833333
1448823060,2015-11-29 13:51:00,0.552033333
1448823120,2015-11-29 13:52:00,0.550833333
1448823180,2015-11-29 13:53:00,0.543850000
1448823240,2015-11-29 13:54:00,0.528750000
1448823300,2015-11-29 13:55:00,0.529416667
1448823360,2015-11-29 13:56:00,0.536333333
1448823420,2015-11-29 13:57:00,0.515666667
1448823480,2015-11-29 13:58:00,0.475833333
1448823540,2015-11-29 13:59:00,0.474100000
1448823600,2015-11-29 14:00:00,0.479016667
1448823660,2015-11-29 14:01:00,0.490450000
1448823720,2015-11-29 14:02:00,0.504033333
1448823780,2015-11-29 14:03:00,0.516033333
1448823840,2015-11-29 14:04:00,0.520483333
1448823900,2015-11-29 14:05:00,0.506583333
1448823960,2015-11-29 14:06:00,0.496333333
1448824020,2015-11-29 14:07:00,0.524700000
1448824080,2015-11-29 14:08:00,0.547933333
1448824140,2015-11-29 14:09:00,0.548166667
1448824200,2015-11-29 14:10:00,0.538050000
1448824260,2015-11-29 14:11:00,0.529816667
1448824320,2015-11-29 14:12:00,0.542450000
1448824380,2015-11-29 14:13:00,0.564233333
1448824440,2015-11-29 14:14:00,0.573166667
1448824500,2015-11-29 14:15:00,0.584150000
1448824560,2015-11-29 14:16:00,0.594916667
1448824620,2015-11-29 14:17:00,0.593233333
1448824680,2015-11-29 14:18:00,0.588316667
1448824740,2015-11-29 14:19:00,0.589200000
1448824800,2015-11-29 14:20:00,0.589583333
1448824860,2015-11-29 14:21:00,0.597383333
1448824920,2015-11-29 14:22:00,0.606516667
1448824980,2015-11-29 14:23:00,0.611083333
1448825040,2015-11-29 14:24:00,0.610616667
1448825100,2015-11-29 14:25:00,0.608500000
1448825160,2015-11-29 14:26:00,0.598950000
1448825220,2015-11-29 14:27:00,0.591166667
1448825280,2015-11-29 14:28:00,0.597466667
1448825340,2015-11-29 14:29:00,0.604666667
1448825400,2015-11-29 14:30:00,0.609683333
1448825460,2015-11-29 14:31:00,0.612500000
1448825520,2015-11-29 14:32:00,0.615633333
1448825580,2015-11-29 14:33:00,0.626800000
1448825640,2015-11-29 14:34:00,0.648250000
1448825700,2015-11-29 14:35:00,0.648516667
1448825760,2015-11-29 14:36:00,0.631083333
1448825820,2015-11-29 14:37:00,0.625833333
1448825880,2015-11-29 14:38:00,0.630183333
1448825940,2015-11-29 14:39:00,0.642066667
1448826000,2015-11-29 14:40:00,0.671416667
1448826060,2015-11-29 14:41:00,0.689283333
1448826120,2015-11-29 14:42:00,0.680266667
1448826180,2015-11-29 14:43:00,0.659716667
1448826240,2015-11-29 14:44:00,0.645500000
1448826300,2015-11-29 14:45:00,0.623883333
1448826360,2015-11-29 14:46:00,0.617300000
1448826420,2015-11-29 14:47:00,0.642033333
1448826480,2015-11-29 14:48:00,0.653383333
1448826540,2015-11-29 14:49:00,0.651950000
1448826600,2015-11-29 14:50:00,0.657150000
1448826660,2015-11-29 14:51:00,0.642150000
1448826720,2015-11-29 14:52:00,0.638916667
1448826780,2015-11-29 14:53:00,0.654600000
1448826840,2015-11-29 14:54:00,0.671883333
1448826900,2015-11-29 14:55:00,0.668816667
1448826960,2015-11-29 14:56:00,0.669966667
1448827020,2015-11-29 14:57:00,0.651250000
1448827080,2015-11-29 14:58:00,0.621833333
1448827140,2015-11-29 14:59:00,0.607783333
1448827200,2015-11-29 15:00:00,0.606233333
1448827260,2015-11-29 15:01:00,0.601416667
1448827320,2015-11-29 15:02:00,0.592383333
1448827380,2015-11-29 15:03:00,0.593650000
1448827440,2015-11-29 15:04:00,0.600616667
1448827500,2015-11-29 15:05:00,0.584183333
1448827560,2015-11-29 15:06:00,0.566466667
1448827620,2015-11-29 15:07:00,0.591166667
1448827680,2015-11-29 15:08:00,0.607283333
1448827740,2015-11-29 15:09:00,0.591466667
1448827800,2015-11-29 15:10:00,0.572550000
1448827860,2015-11-29 15:11:00,0.570466667
1448827920,2015-11-29 15:12:00,0.587650000
1448827980,2015-11-29 15:13:00,0.596550000
1448828040,2015-11-29 15:14:00,0.583366667
1448828100,2015-11-29 15:15:00,0.552333333
1448828160,2015-11-29 15:16:00,0.514366667
1448828220,2015-11-29 15:17:00,0.494366667
1448828280,2015-11-29 15:18:00,0.502150000
1448828340,2015-11-29 15:19:00,0.506433333
1448828400,2015-11-29 15:20:00,0.496550000
1448828460,2015-11-29 15:21:00,0.487216667
1448828520,2015-11-29 15:22:00,0.479883333
1448828580,2015-11-29 15:23:00,0.488883333
1448828640,2015-11-29 15:24:00,0.522116667
1448828700,2015-11-29 15:25:00,0.542400000
1448828760,2015-11-29 15:26:00,0.555550000
1448828820,2015-11-29 15:27:00,0.590133333
1448828880,2015-11-29 15:28:00,0.636600000
1448828940,2015-11-29 15:29:00,0.686950000
1448829000,2015-11-29 15:30:00,0.687350000
1448829060,2015-11-29 15:31:00,0.699933333
1448829120,2015-11-29 15:32:00,0.701250000
1448829180,2015-11-29 15:33:00,0.668283333
1448829240,2015-11-29 15:34:00,0.651383333
1448829300,2015-11-29 15:35:00,0.686316667
1448829360,2015-11-29 15:36:00,0.774500000
1448829420,2015-11-29 15:37:00,0.793166667
1448829480,2015-11-29 15:38:00,0.751433333
1448829540,2015-11-29 15:39:00,0.739033333
1448829600,2015-11-29 15:40:00,0.689016667
1448829660,2015-11-29 15:41:00,0.619000000
1448829720,2015-11-29 15:42:00,0.588266667
1448829780,2015-11-29 15:43:00,0.551466667
1448829840,2015-11-29 15:44:00,0.540983333
1448829900,2015-11-29 15:45:00,0.544383333
1448829960,2015-11-29 15:46:00,0.561616667
1448830020,2015-11-29 15:47:00,0.589550000
1448830080,2015-11-29 15:48:00,0.591850000
1448830140,2015-11-29 15:49:00,0.572366667
1448830200,2015-11-29 15:50:00,0.552983333
1448830260,2015-11-29 15:51:00,0.517550000
1448830320,2015-11-29 15:52:00,0.485066667
1448830380,2015-11-29 15:53:00,0.495083333
1448830440,2015-11-29 15:54:00,0.519733333
1448830500,2015-11-29 15:55:00,0.507300000
1448830560,2015-11-29 15:56:00,0.466966667
1448830620,2015-11-29 15:57:00,0.443633333
1448830680,2015-11-29 15:58:00,0.427850000
1448830740,2015-11-29 15:59:00,0.428733333
1448830800,2015-11-29 16:00:00,0.434250000
1448830860,2015-11-29 16:01:00,0.432283333
1448830920,2015-11-29 16:02:00,0.435400000
1448830980,2015-11-29 16:03:00,0.442066667
1448831040,2015-11-29 16:04:00,0.446966667
1448831100,2015-11-29 16:05:00,0.450700000
1448831160,2015-11-29 16:06:00,0.440350000
1448831220,2015-11-29 16:07:00,0.436766667
1448831280,2015-11-29 16:08:00,0.442383333
1448831340,2015-11-29 16:09:00,0.437316667
1448831400,2015-11-29 16:10:00,0.428683333
1448831460,2015-11-29 16:11:00,0.424550000
1448831520,2015-11-29 16:12:00,0.424683333
1448831580,2015-11-29 16:13:00,0.421150000
1448831640,2015-11-29 16:14:00,0.418250000
1448831700,2015-11-29 16:15:00,0.410383333
1448831760,2015-11-29 16:16:00,0.400650000
1448831820,2015-11-29 16:17:00,0.401333333
1448831880,2015-11-29 16:18:00,0.399033333
1448831940,2015-11-29 16:19:00,0.401916667
1448832000,2015-11-29 16:20:00,0.420983333
1448832060,2015-11-29 16:21:00,0.438533333
1448832120,2015-11-29 16:22:00,0.454100000
1448832180,2015-11-29 16:23:00,0.461783333
1448832240,2015-11-29 16:24:00,0.477966667
1448832300,2015-11-29 16:25:00,0.536350000
1448832360,2015-11-29 16:26:00,0.561266667
1448832420,2015-11-29 16:27:00,0.536750000
1448832480,2015-11-29 16:28:00,0.513750000
1448832540,2015-11-29 16:29:00,0.484833333
1448832600,2015-11-29 16:30:00,0.437266667
1448832660,2015-11-29 16:31:00,0.373550000
1448832720,2015-11-29 16:32:00,0.335766667
1448832780,2015-11-29 16:33:00,0.330116667
1448832840,2015-11-29 16:34:00,0.334866667
1448832900,2015-11-29 16:35:00,0.380016667
1448832960,2015-11-29 16:36:00,0.453466667
1448833020,2015-11-29 16:37:00,0.547350000
1448833080,2015-11-29 16:38:00,0.613750000
1448833140,2015-11-29 16:39:00,0.635133333
1448833200,2015-11-29 16:40:00,0.630283333
1448833260,2015-11-29 16:41:00,0.595900000
1448833320,2015-11-29 16:42:00,0.536916667
1448833380,2015-11-29 16:43:00,0.476883333
1448833440,2015-11-29 16:44:00,0.467233333
1448833500,2015-11-29 16:45:00,0.474333333
1448833560,2015-11-29 16:46:00,0.466433333
1448833620,2015-11-29 16:47:00,0.461433333
1448833680,2015-11-29 16:48:00,0.461750000
1448833740,2015-11-29 16:49:00,0.466950000
1448833800,2015-11-29 16:50:00,0.473500000
1448833860,2015-11-29 16:51:00,0.464500000
1448833920,2015-11-29 16:52:00,0.452900000
1448833980,2015-11-29 16:53:00,0.451866667
1448834040,2015-11-29 16:54:00,0.454133333
1448834100,2015-11-29 16:55:00,0.456466667
1448834160,2015-11-29 16:56:00,0.458833333
1448834220,2015-11-29 16:57:00,0.496533333
1448834280,2015-11-29 16:58:00,0.559166667
1448834340,2015-11-29 16:59:00,0.579383333
1448834400,2015-11-29 17:00:00,0.591583333
1448834460,2015-11-29 17:01:00,0.581916667
1448834520,2015-11-29 17:02:00,0.522283333
1448834580,2015-11-29 17:03:00,0.490250000
1448834640,2015-11-29 17:04:00,0.515433333
1448834700,2015-11-29 17:05:00,0.481883333
1448834760,2015-11-29 17:06:00,0.463550000
1448834820,2015-11-29 17:07:00,0.487050000
1448834880,2015-11-29 17:08:00,0.529900000
1448834940,2015-11-29 17:09:00,0.543933333
1448835000,2015-11-29 17:10:00,0.523350000
1448835060,2015-11-29 17:11:00,0.461050000
1448835120,2015-11-29 17:12:00,0.427083333
1448835180,2015-11-29 17:13:00,0.437683333
1448835240,2015-11-29 17:14:00,0.421850000
1448835300,2015-11-29 17:15:00,0.391333333
1448835360,2015-11-29 17:16:00,0.358366667
1448835420,2015-11-29 17:17:00,0.390000000
1448835480,2015-11-29 17:18:00,0.455150000
1448835540,2015-11-29 17:19:00,0.470200000
1448835600,2015-11-29 17:20:00,0.442250000
1448835660,2015-11-29 17:21:00,0.433416667
1448835720,2015-11-29 17:22:00,0.449533333
1448835780,2015-11-29 17:23:00,0.439450000
1448835840,2015-11-29 17:24:00,0.393683333
1448835900,2015-11-29 17:25:00,0.370533333
1448835960,2015-11-29 17:26:00,0.350333333
1448836020,2015-11-29 17:27:00,0.357350000
1448836080,2015-11-29 17:28:00,0.395916667
1448836140,2015-11-29 17:29:00,0.420266667
1448836200,2015-11-29 17:30:00,0.455833333
1448836260,2015-11-29 17:31:00,0.458233333
1448836320,2015-11-29 17:32:00,0.423666667
1448836380,2015-11-29 17:33:00,0.389550000
1448836440,2015-11-29 17:34:00,0.353866667
1448836500,2015-11-29 17:35:00,0.327000000
1448836560,2015-11-29 17:36:00,0.307366667
1448836620,2015-11-29 17:37:00,0.286700000
1448836680,2015-11-29 17:38:00,0.247716667
1448836740,2015-11-29 17:39:00,0.212250000
1448836800,2015-11-29 17:40:00,0.216716667
1448836860,2015-11-29 17:41:00,0.236383333
1448836920,2015-11-29 17:42:00,0.235283333
1448836980,2015-11-29 17:43:00,0.230683333
1448837040,2015-11-29 17:44:00,0.244366667
1448837100,2015-11-29 17:45:00,0.286266667
1448837160,2015-11-29 17:46:00,0.333366667
1448837220,2015-11-29 17:47:00,0.362316667
1448837280,2015-11-29 17:48:00,0.348533333
1448837340,2015-11-29 17:49:00,0.332966667
1448837400,2015-11-29 17:50:00,0.327616667
1448837460,2015-11-29 17:51:00,0.313300000
1448837520,2015-11-29 17:52:00,0.295533333
1448837580,2015-11-29 17:53:00,0.290616667
1448837640,2015-11-29 17:54:00,0.296533333
1448837700,2015-11-29 17:55:00,0.299566667
1448837760,2015-11-29 17:56:00,0.297783333
1448837820,2015-11-29 17:57:00,0.291150000
1448837880,2015-11-29 17:58:00,0.284550000
1448837940,2015-11-29 17:59:00,0.283900000
1448838000,2015-11-29 18:00:00,0.298100000
1448838060,2015-11-29 18:01:00,0.313783333
1448838120,2015-11-29 18:02:00,0.320783333
1448838180,2015-11-29 18:03:00,0.318883333
1448838240,2015-11-29 18:04:00,0.332133333
1448838300,2015-11-29 18:05:00,0.349100000
1448838360,2015-11-29 18:06:00,0.345066667
1448838420,2015-11-29 18:07:00,0.329800000
1448838480,2015-11-29 18:08:00,0.323466667
1448838540,2015-11-29 18:09:00,0.335916667
1448838600,2015-11-29 18:10:00,0.341433333
1448838660,2015-11-29 18:11:00,0.326650000
1448838720,2015-11-29 18:12:00,0.316483333
1448838780,2015-11-29 18:13:00,0.308700000
1448838840,2015-11-29 18:14:00,0.303566667
1448838900,2015-11-29 18:15:00,0.289166667
1448838960,2015-11-29 18:16:00,0.253283333
1448839020,2015-11-29 18:17:00,0.223000000
1448839080,2015-11-29 18:18:00,0.221666667
1448839140,2015-11-29 18:19:00,0.220116667
1448839200,2015-11-29 18:20:00,0.212250000
1448839260,2015-11-29 18:21:00,0.207083333
1448839320,2015-11-29 18:22:00,0.205150000
1448839380,2015-11-29 18:23:00,0.200450000
1448839440,2015-11-29 18:24:00,0.196300000
1448839500,2015-11-29 18:25:00,0.198516667
1448839560,2015-11-29 18:26:00,0.199816667
1448839620,2015-11-29 18:27:00,0.193950000
1448839680,2015-11-29 18:28:00,0.174416667
1448839740,2015-11-29 18:29:00,0.154100000
1448839800,2015-11-29 18:30:00,0.143583333
1448839860,2015-11-29 18:31:00,0.142700000
1448839920,2015-11-29 18:32:00,0.145200000
1448839980,2015-11-29 18:33:00,0.139516667
1448840040,2015-11-29 18:34:00,0.121966667
1448840100,2015-11-29 18:35:00,0.108550000
1448840160,2015-11-29 18:36:00,0.100700000
1448840220,2015-11-29 18:37:00,0.094316667
1448840280,2015-11-29 18:38:00,0.085733333
1448840340,2015-11-29 18:39:00,0.078050000
1448840400,2015-11-29 18:40:00,0.077350000
1448840460,2015-11-29 18:41:00,0.070666667
1448840520,2015-11-29 18:42:00,0.063983333
1448840580,2015-11-29 18:43:00,0.057483333
1448840640,2015-11-29 18:44:00,0.053050000
1448840700,2015-11-29 18:45:00,0.051466667
1448840760,2015-11-29 18:46:00,0.046150000
1448840820,2015-11-29 18:47:00,0.043716667
1448840880,2015-11-29 18:48:00,0.041816667
1448840940,2015-11-29 18:49:00,0.039500000
1448841000,2015-11-29 18:50:00,0.037766667
1448841060,2015-11-29 18:51:00,0.034916667
1448841120,2015-11-29 18:52:00,0.032583333
1448841180,2015-11-29 18:53:00,0.031216667
1448841240,2015-11-29 18:54:00,0.029300000
1448841300,2015-11-29 18:55:00,0.027766667
1448841360,2015-11-29 18:56:00,0.025250000
1448841420,2015-11-29 18:57:00,0.022550000
1448841480,2015-11-29 18:58:00,0.020250000
1448841540,2015-11-29 18:59:00,0.018150000
1448841600,2015-11-29 19:00:00,0.016500000
1448841660,2015-11-29 19:01:00,0.013400000
1448841720,2015-11-29 19:02:00,0.010833333
1448841780,2015-11-29 19:03:00,0.008800000
1448841840,2015-11-29 19:04:00,0.006950000
1448841900,2015-11-29 19:05:00,0.005733333
1448841960,2015-11-29 19:06:00,0.003783333
1448842020,2015-11-29 19:07:00,0.001883333
1448842080,2015-11-29 19:08:00,-0.000166667
1448842140,2015-11-29 19:09:00,-0.002466667
1448842200,2015-11-29 19:10:00,-0.003916667
1448842260,2015-11-29 19:11:00,-0.005666667
1448842320,2015-11-29 19:12:00,-0.007183333
1448842380,2015-11-29 19:13:00,-0.008866667
1448842440,2015-11-29 19:14:00,-0.010216667
1448842500,2015-11-29 19:15:00,-0.011800000
1448842560,2015-11-29 19:16:00,-0.012800000
1448842620,2015-11-29 19:17:00,-0.014750000
1448842680,2015-11-29 19:18:00,-0.015016667
1448842740,2015-11-29 19:19:00,-0.014816667
1448842800,2015-11-29 19:20:00,-0.014033333
1448842860,2015-11-29 19:21:00,-0.014083333
1448842920,2015-11-29 19:22:00,-0.014450000
1448842980,2015-11-29 19:23:00,-0.014750000
1448843040,2015-11-29 19:24:00,-0.014550000
1448843100,2015-11-29 19:25:00,-0.014533333
1448843160,2015-11-29 19:26:00,-0.014283333
1448843220,2015-11-29 19:27:00,-0.014516667
1448843280,2015-11-29 19:28:00,-0.015400000
1448843340,2015-11-29 19:29:00,-0.015700000
1448843400,2015-11-29 19:30:00,-0.015366667
1448843460,2015-11-29 19:31:00,-0.016183333
1448843520,2015-11-29 19:32:00,-0.015766667
1448843580,2015-11-29 19:33:00,-0.015500000
1448843640,2015-11-29 19:34:00,-0.015583333
1448843700,2015-11-29 19:35:00,-0.015166667
1448843760,2015-11-29 19:36:00,-0.015150000
1448843820,2015-11-29 19:37:00,-0.015150000
1448843880,2015-11-29 19:38:00,-0.015200000
1448843940,2015-11-29 19:39:00,-0.015033333
1448844000,2015-11-29 19:40:00,-0.014966667
1448844060,2015-11-29 19:41:00,-0.014916667
1448844120,2015-11-29 19:42:00,-0.014766667
1448844180,2015-11-29 19:43:00,-0.014583333
1448844240,2015-11-29 19:44:00,-0.014633333
1448844300,2015-11-29 19:45:00,-0.014450000
1448844360,2015-11-29 19:46:00,-0.014166667
1448844420,2015-11-29 19:47:00,-0.013933333
1448844480,2015-11-29 19:48:00,-0.013833333
1448844540,2015-11-29 19:49:00,-0.014016667
1448844600,2015-11-29 19:50:00,-0.014100000
1448844660,2015-11-29 19:51:00,-0.014250000
1448844720,2015-11-29 19:52:00,-0.014183333
1448844780,2015-11-29 19:53:00,-0.014400000
1448844840,2015-11-29 19:54:00,-0.014516667
1448844900,2015-11-29 19:55:00,-0.014366667
1448844960,2015-11-29 19:56:00,-0.014383333
1448845020,2015-11-29 19:57:00,-0.014733333
1448845080,2015-11-29 19:58:00,-0.014733333
1448845140,2015-11-29 19:59:00,-0.014766667
1448845200,2015-11-29 20:00:00,-0.014966667
1448845260,2015-11-29 20:01:00,-0.015366667
1448845320,2015-11-29 20:02:00,-0.015383333
1448845380,2015-11-29 20:03:00,-0.015283333
1448845440,2015-11-29 20:04:00,-0.015216667
1448845500,2015-11-29 20:05:00,-0.014933333
1448845560,2015-11-29 20:06:00,-0.014750000
1448845620,2015-11-29 20:07:00,-0.014616667
1448845680,2015-11-29 20:08:00,-0.014600000
1448845740,2015-11-29 20:09:00,-0.014566667
1448845800,2015-11-29 20:10:00,-0.014600000
1448845860,2015-11-29 20:11:00,-0.014683333
1448845920,2015-11-29 20:12:00,-0.014650000
1448845980,2015-11-29 20:13:00,-0.014533333
1448846040,2015-11-29 20:14:00,-0.014433333
1448846100,2015-11-29 20:15:00,-0.013966667
1448846160,2015-11-29 20:16:00,-0.013983333
1448846220,2015-11-29 20:17:00,-0.014033333
1448846280,2015-11-29 20:18:00,-0.014016667
1448846340,2015-11-29 20:19:00,-0.014033333
1448846400,2015-11-29 20:20:00,-0.014016667
1448846460,2015-11-29 20:21:00,-0.014033333
1448846520,2015-11-29 20:22:00,-0.013966667
1448846580,2015-11-29 20:23:00,-0.014183333
1448846640,2015-11-29 20:24:00,-0.014116667
1448846700,2015-11-29 20:25:00,-0.014033333
1448846760,2015-11-29 20:26:00,-0.014250000
1448846820,2015-11-29 20:27:00,-0.014466667
1448846880,2015-11-29 20:28:00,-0.014500000
1448846940,2015-11-29 20:29:00,-0.014550000
1448847000,2015-11-29 20:30:00,-0.013666667
1448847060,2015-11-29 20:31:00,-0.014100000
1448847120,2015-11-29 20:32:00,-0.014650000
1448847180,2015-11-29 20:33:00,-0.014016667
1448847240,2015-11-29 20:34:00,-0.014266667
1448847300,2015-11-29 20:35:00,-0.014700000
1448847360,2015-11-29 20:36:00,-0.014300000
1448847420,2015-11-29 20:37:00,-0.014366667
1448847480,2015-11-29 20:38:00,-0.014266667
1448847540,2015-11-29 20:39:00,-0.014383333
1448847600,2015-11-29 20:40:00,-0.014466667
1448847660,2015-11-29 20:41:00,-0.014350000
1448847720,2015-11-29 20:42:00,-0.013800000
1448847780,2015-11-29 20:43:00,-0.013850000
1448847840,2015-11-29 20:44:00,-0.013933333
1448847900,2015-11-29 20:45:00,-0.013950000
1448847960,2015-11-29 20:46:00,-0.014016667
1448848020,2015-11-29 20:47:00,-0.014066667
1448848080,2015-11-29 20:48:00,-0.014233333
1448848140,2015-11-29 20:49:00,-0.014300000
1448848200,2015-11-29 20:50:00,-0.014250000
1448848260,2015-11-29 20:51:00,-0.014450000
1448848320,2015-11-29 20:52:00,-0.014366667
1448848380,2015-11-29 20:53:00,-0.014250000
1448848440,2015-11-29 20:54:00,-0.014500000
1448848500,2015-11-29 20:55:00,-0.014616667
1448848560,2015-11-29 20:56:00,-0.014666667
1448848620,2015-11-29 20:57:00,-0.014650000
1448848680,2015-11-29 20:58:00,-0.014650000
1448848740,2015-11-29 20:59:00,-0.014650000
1448848800,2015-11-29 21:00:00,-0.014683333
1448848860,2015-11-29 21:01:00,-0.014916667
1448848920,2015-11-29 21:02:00,-0.015216667
1448848980,2015-11-29 21:03:00,-0.015166667
1448849040,2015-11-29 21:04:00,-0.015150000
1448849100,2015-11-29 21:05:00,-0.014950000
1448849160,2015-11-29 21:06:00,-0.014516667
1448849220,2015-11-29 21:07:00,-0.014466667
1448849280,2015-11-29 21:08:00,-0.014483333
1448849340,2015-11-29 21:09:00,-0.013983333
1448849400,2015-11-29 21:10:00,-0.013883333
1448849460,2015-11-29 21:11:00,-0.013900000
1448849520,2015-11-29 21:12:00,-0.013983333
1448849580,2015-11-29 21:13:00,-0.014116667
1448849640,2015-11-29 21:14:00,-0.014100000
1448849700,2015-11-29 21:15:00,-0.014183333
1448849760,2015-11-29 21:16:00,-0.014250000
1448849820,2015-11-29 21:17:00,-0.014200000
1448849880,2015-11-29 21:18:00,-0.014233333
1448849940,2015-11-29 21:19:00,-0.014166667
1448850000,2015-11-29 21:20:00,-0.014133333
1448850060,2015-11-29 21:21:00,-0.014366667
1448850120,2015-11-29 21:22:00,-0.014383333
1448850180,2015-11-29 21:23:00,-0.014466667
1448850240,2015-11-29 21:24:00,-0.014533333
1448850300,2015-11-29 21:25:00,-0.014650000
1448850360,2015-11-29 21:26:00,-0.014650000
1448850420,2015-11-29 21:27:00,-0.014616667
1448850480,2015-11-29 21:28:00,-0.014616667
1448850540,2015-11-29 21:29:00,-0.014650000
1448850600,2015-11-29 21:30:00,-0.014650000
